page,Title,price
1,ISO E SUPER 01 Perfume by SCENTLAB PARFUMS Fragrance spray 100ml,$22.41
1,Prada Paradoxe Intense 3 oz / 90 ml Eau De Parfum Perfume For Women Spray,$54.29
1,Prada Paradoxe Intense 3 oz / 90 ml Eau De Parfum Perfume For Women Spray,$35.99to$64.99
1,Love Bombed - Pheromone Cologne for Men | Bold Attraction & Confidence | (5ml),$24.99
1,AUTHENTIC SANTAL 33 Eau De Parfum 3.4 Oz / 100 Ml Spray perfume fascinating,$89.99
1,LANCOME La Vie est Belle 5mL EDP Spray Refillable Perfume Bottle 5 Colours,$12.61
1,SEALED NEW CUPID HYPNOSIS MENâ€™S PHEROMONE COLOGNE 1.7 OZ | MEET MORE HOT WOMEN,$16.99
1,ISO E SUPER 01 Perfume by SCENTLAB PARFUMS Fragrance Spray 50ml,$18.63
1,Onyx by Al Jazeera Perfumes 100ml Spray - Express Shipping SEALED,$199.95
1,ISO E SUPER 01 Perfume by SCENTLAB PARFUMS 250ml Fragrance!!!,$41.36
1,Venom Pheromone Fragrance Perfume For Women Long Lasting 10ml,$4.89to$10.44
1,Cloud by Ariana Grande 3.4 oz / 100 ML EDP Perfume for Women New In Box Sealed,$36.99
1,Miss Laverne by Laverne Perfumes | 100ml EDP Spray | Fast Shipping,$64.90
1,Khamrah Qahwa By Lattafa 3.4 oz EDP Unisex Perfume ðŸ¥‡Free ShippingðŸ¥‡,$36.40
1,Best Perfume for Men to Attract Hot Women Pheromone Infused Desire 100ml,$26.87
1,Club de Nuit Intense by Armaf perfume for women EDP 3.6 oz New in Box,$38.99
1,New Listing(DISCONTINUED) Ariana Grande Thank U Next 2.0 Perfume 3.4oz + Lotion + Body Mist,$40.00
1,10ml Venom Pheromone Fragrance Perfume For Men/Women Long Lasting Stimulating~,$5.54
1,2X Golden Lure Her Pheromone Perfume Spray for Men to Attract Women gift UK,$8.31
1,New ListingWomen Best Sex Pheromone Intimate Partner Perfume Spray Fragrance 20ml Hâ˜ª,$2.74
1,Hawas for him Eau De Parfum By Rasasi 100ml 3.4 FL OZ NEW,$26.99
1,Hawas for him Eau De Parfum By Rasasi 100ml 3.4 FL OZ NEW,$21.45
1,Hawas for him Eau De Parfum By Rasasi 100ml 3.4 FL OZ NEW,$28.99
1,Venom Flavor Pheromone Perfume North Moon Pheromone Scent Perfume for Women,$3.78to$5.62
1,Yara Tous by Lattafa perfume for Women EDP 3.4 oz New In Box,$17.99
1,Bella Vita Luxury Women's Perfume | 4 Scent Perfume | Gift Set | 80 ml,$20.51
1,Lattafa Asad By Lattafa EDP Perfume For Unisex 3.4 oz/100ml Fragrance New In Box,$21.95
1,10ml Venom Pheromone Fragrance Perfume For Men/Women Long Lasting Stimulating UK,$1.25to$4.15
1,Yara by Lattafa Perfumes | Eau De Parfum - 100ml (3.4 fl oz) | - Womenâœ¨,$32.54
1,SEHR by LATTAFA 3.4 OZ/100 ML Unisex EDP Perfume for Men & Women New Release,$59.99
1,Club de Nuit Intense by Armaf perfume for women EDP 3.6 oz New in Box,$35.99
1,La Prairie Midnight Rain Eau De Parfum fragrance perfume mecca spray,$92.88
1,Yara by Lattafa Perfumes | Eau De Parfum - Women,$5.66to$29.02
1,Armaf Club de Nuit ICONIC 3.6 fl.oz Eau de Parfum | Armaf's Exclusive New Launch,$35.99
1,"Venom Pheromone Perfume Collection, Flower Scent Fragrance Perfume For Women",$3.78to$12.61
1,10ml Venom-Pheromone Fragrance Perfume For Men/Women Long Lasting Stimulating US,$3.16to$8.02
1,"Venom Pheromone Perfume Collection, Flower Scent Fragrance Perfume For Women",$11.35
1,[Tamburins] Perfume Balm HOLY METAL 6.5g / K-Beauty,$65.14
1,Yara by Lattafa Perfumes | Eau De Parfum-100ml (3â™›4 fl oz) -Female Long Lastingâ™›,$23.65
1,Bond No 9 Sample Vial CHOOSE YOUR FRAGRANCE ~ COMBINE SHIPPING ~ Updated 6/21,$7.95to$18.95
1,ISO E SUPER 01 Perfume by SCENTLAB PARFUMS fragrance Glass 100ml,$25.89
1,Collection of Concentrated Perfume Oils by Surrati 100g - Free Express Shipping,$50.00to$125.00
1,Blue Laverne Bakhur by Laverne Perfumes | 200ml EDP Spray | Fast Shipping,$64.90
1,Suddenly Madame Glamour Women Perfume Eau Parfum 75ml Sealed New,$18.56
1,Foxy Locks Luxe Hair Perfume + Shine Spray - 180ml,$12.63
1,2X Venom Pheromone Fragrance Perfume For Women Long Lasting 10ml,$6.15
1,Coconut Natural Solid Perfume by Paradise Perfumes Fragrance Balm 15ml,$7.56
1,"Al Rehman Solid Wax Perfume, 11 Long Lasting Fragrances ðŸ¥‡ Buy 2 Get 1 Free",$7.71
1,new Avon Imari Amor EDP parfum PERFUME Spray - 1.7 oz,$12.30
1,SAUVAGE DIOR EAU DE PARFUM 10 ML. 0.34 FL.OZ. MINI PERFUME NEW IN BOX,$25.00
1,La'dor Bakhur Classic by Laverne Perfumes | 200ml EDP Spray | Fast Shipping,$59.90
1,TAMBURINS Perfume Balm 6.5g,$45.00
1,Wild Colt Smoky by Assaf Perfumes | 200ml EDP Spray | Fast Shipping,$64.90
1,New ListingNew Calypso St Barth Mimosa  Eau de Parfum Perfume  1 oz Sealed,$249.99
1,Sex Pheromone Intimate Partner Perfume Spray Fragrance Men Women UK~,$3.78
1,1Pc Sex Pheromones For Men Attract Hot Women New Perfume Flirt,$2.27
1,Arabia Haya by Le Chameau EDP 3.4 oz perfume for women New in Box,$29.99
1,Gris Erik by Assaf Perfumes | 200ml EDP Spray | Fast Shipping,$69.90
1,"Princess by KILIAN Paris Eau de Perfume 3.4oz/100ml, New & Sealed, Authentic!!!",$129.99
1,Women Best Sex Pheromone Intimate Partner Perfume Spray Fragrance 20m Sale,$2.73
1,THE PATCHOULI ABSOLU 'S PURE PERFUME OIL 12MLPREMIUM EVERLASTING FRAGRANCE OIL,$8.14
1,Original Attar Jasmine 100 ml Perfume Attar Unisex Jaismine Fragrances 100%Pure,$19.39
1,NEW Christian Dior Miss Dior Rose N'Roses EDT 5ml Perfume,$23.73
1,Storm by FnbyFn Perfumes 100ml Spray - Free Express Shipping Fn By Fn,$114.95
1,Lure Her Perfume With Pheromones For Him 50ml Pheromone Men Attract Women Spray,$8.99
1,Miss Laverne Bloom by Laverne Perfumes | 100ml EDP Spray | Fast Shipping,$64.90
1,Pure Romance- Dirty French Perfume Infused With Pheromones- new and sealed!,$50.00
1,"Venom Flavor Pheromone Perfume, Venom Flavor Pheromone Scent Perfume, for Women",$7.29
1,1 VICTORIA SECRET RAPTURE COLOGNE PERFUME PARFUM NEW SEALED,$39.50
1,2x15mlðŸ’–PERFUME OIL Natural Women Men roll on body Fragrances shop Alcohol free,$12.97
1,Magic by Al Jazeera Perfumes 60ml Spray - Free Express Shipping SEALED,$222.95
1,Malachite by Al Jazeera Perfumes 100ml Spray - Free Express Shipping SEALED,$222.95
2,Burberry Her Blossom 3.3OZ / 100ML EDP Perfume for Women New In Box,$59.73
2,Men's Perfume-Cupid Hypnosis Pheromone-Infused Cologne Fragrances Charm Toilette,$14.60
2,Sauvage of DIOR Eau de Toilette EDT Spray 3.4oz/100ml New&Sealed,$69.99
2,100ml Golden Lure Pheromone Men Cologne Perfumes to Attract Women Long Lasting-,$14.23
2,Bulgarian Rose OIL Lux Luxury Perfume Regina Parfum Premium Fragrance 1.7oz 50ml,$20.90
2,Estee Lauder Private Collection Tuberose Gardenia Perfume Mini Vial Spray,$14.00
2,"50ML Savagery Pheromone Men Perfume, Pheromone Cologne for Men Attract Women",$6.69
2,new Avon Classic Dreamlife cologne PERFUME Spray 1.7 oz,$9.99
2,Black & Gold Spray Perfume Travel Atomizer,$4.10
2,Nag Champa Natural Solid Perfume by Paradise Perfumes Fragrance Scent Balm 15ml,$7.56
2,Jo Malone Pomegranate Noir Cologne Perfume - 1 Oz. / 30mL - New No Box,$39.99
2,PURE PATCHOULI Perfume Oil by Paradise Perfumes - Gorgeous Fragrance Oil 3ml,$4.41to$15.14
2,PERFUM Nitro Red ðŸ¥‡ pour homme Dumont 100 ML 3.4FL.OZðŸ¥‡,$44.99
2,Florence by Maison Alhambra Lattafa Perfume For Women 3.4Oz / 100ML New EDP,$29.99
2,Terre D'Hermes 100ml Edt 100% Genuine Brand New Sealed Box Perfume,$68.11
2,Club de Nuit Intense by Armaf perfume for women EDP 3.6 oz New in Box,$35.99
2,Aura Pheromones Perfume-Aura Pheromones Perfumes for Women Natural Attraction US,$7.89
2,AVON Today Tomorrow Always Eau De Perfume EDP Spray Woman 50ml - 1.7oz Sealed,$31.88
2,THE PORTRAIT OF A LADY 'S PURE PERFUME OIL 12ML PREMIUM EVERLASTING FRAGRANCES,$10.67
2,"Venom Pheromone Perfume Collection, Flower Scent Fragrance Perfume For Women",$9.71
2,Venom Perfume With Pheromones For Her 10ml Erotic Strong Women Pheromone Spray,$15.47
2,Parma Violet Natural Solid Perfume by Paradise Perfumes Fragrance Balm 15ml,$7.56
2,ANDROSTENONUMÂ 2.0ml 100% Pheromone for Men Ultra Strong for Men Attract Women,$16.40
2,Adilqadri Luxury Alcohol Free Long Lasting Roll-On Attar Perfume Unisex Gift Set,$46.06
2,AZZARO FOR MEN Eau de toilette vintage 1/4 fl.oz. 7 ml. miniperfume new,$10.00
2,Blue Laverne by Laverne Perfumes | 100ml EDP Spray | Fast Shipping,$69.90
2,ZARA ELEGANTLY TOKYO No6 EDP Spray Fragrance Women Perfume 100 ml 3.4 Oz New,$49.99
2,Malibu Musk Perfume/Body Spray Edt 15ML DIY REFILL,$15.99
2,Najdia by Lattafa Perfumes 100ml EDP Arabian Perfume Spray Unisex Fragrance Hot,$11.73
2,Taylor Swift Wonderstruck Eau de Parfum fragrance perfume mecca spray,$33.15
2,women perfume 3.4 oz Combo Lot Of 4  All New 3.4 Fl.oz Sealed Value Pack,$39.99
2,Master Perfumer Collection by Nabeel Perfumes 5x 100ml - Free Express Shipping,$249.95
2,Malizia Bon Bons Eau De Toilette Girls Kid s Fragrance Spray Perfume 50 ml,$17.17
2,Love Bombed Cologne Top Shelf Perfume for Men Enhanced Scents Pheromone Scents,$9.98
2,Patchouli Roll on oil Rollerball/Dark Patchouli/Natural Hippy Perfume 3ml/10ml,$6.00to$22.73
2,DEWBERRY Perfume Oil by Paradise Perfumes - Gorgeous Fragrance Scent Oil 3ml,$3.78to$13.23
2,new Avon Haiku sacred intense perfume cologne spray EDP 1.7 Fl Oz,$18.95
2,NEW Christian Dior Miss Dior EDPe (Miniature) 5ml Perfume,$25.01
2,2 Pack Lure Perfume Her With Pheromones For Him 50ml Pheromone Men Attract Women,$9.82
2,Bella Vita Luxury CEO MAN Eau De Parfum Perfume for Men Long Lasting 100 Ml,$35.00
2,New ListingBy Rosie Jane ROSIE Eau de Parfum 0.25 oz .25 /7.5 mL Travel Size Spray Perfume,$24.95
2,LOVALI NEW CRYSTAL ABSOLUTE 90 ML EDP Perfume,$7.96
2,Pink Lady by Assaf Perfumes | 200ml EDP Spray | Fast Shipping,$69.90
2,Ustad by Nabeel Perfumes 100ml Spray - Free Express Shipping,$39.95
2,1 box VICTORIA's SECRET RAPTURE COLOGNE PERFUME PARFUM edp size 1.7oz NEW SEALED,$36.50
2,Caramel Taskeen Marina Perfume For Women 50Ml/1.7fl.oz Eau De Parfumâ˜ª,$13.67
2,VANILLA HAIR & BODY FRAGRANCE SPRAY MIST  5 oz,$14.50
2,CAESARS WOMAN 3.4 oz / 100 ml Eau de Parfum ( EDP ) Women Perfume Spray,$16.40
2,R2B2 A.I Reyane Tradition Perfume Men 100% ORIGINAL 100ML /3.3 FL OZ EDP,$125.50
2,Moattar Dhahab by Junaid Perfumes 100ml Spray - Free Express Shipping Dahab,$64.45
2,100% NATURAL SOLID PERFUME HIPPY RETRO JASMINE ESSENTIAL OIL SENSITIVE SKIN,$7.51
2,NIGHT JASMINE Perfume Oil by Paradise Perfumes - Gorgeous Fragrance Oil 3ml,$3.78to$13.23
2,Honeysuckle Natural Solid Perfume by Paradise Perfumes Fragrance Scent Balm 15ml,$7.56
2,10ml Venom Pheromone Fragrance Perfume For Men/Women Long Lasting Stimulatingâœ¨,$5.01
2,THE FXXX FABULOUS'S PURE PERFUME OIL 12ml PREMIUM EVERLASTING FRAGRANCE OIL,$7.51
2,ONALIA SPIRITUAL PERFUME BREAKTHROUGH PERFUME 70ml,$11.36
2,COPULINOLÂ 2.0ml 100% Phermone for Women Attract Men Infused Sex Perfume Dating,$16.40
2,Miss Flora by Assaf Perfumes | 200ml EDP Spray | Fast Shipping,$69.90
2,100ml Golden Lure Pheromone Men Cologne Perfumes to Attract Women Long Lasting-`,$14.23
2,NEW Clarins Eau Dynamisante Spray 100ml Perfume,$54.80
2,Premium Egyptian Musk Perfume Body Oil NEW - 1 oz glass - Thick & Uncut,$11.95
2,New ListingVINTAGE EAU JEUNE DOUBLE JE EAU DE TOILETTE PERFUME 100 ml PARIS UNUSED,$30.00
2,Venom Pheromone Fragrance Perfume For Men/Women Long Lasting Stimulating UK HOT,$5.04
2,New Avon Attraction for her EDP perfume cologne spray 1.7 oz,$24.65
2,DEHNAL OUD CAMBODI 3ML BY OUD Dâ€™ARABIE PREMIUM CAMBODIAN ARTISAN PERFUME OIL,$7.51
2,AVON LYRD Peony Rose EDP perfume cologne spray - 1.7 OZ,$13.95
2,Pure Grace women Perfume Body Oil 1/3 oz. roll-on (1),$6.50
2,Strawberry Natural Solid Perfume by Paradise Perfumes Fragrance Scent Balm 15ml,$7.56
2,"Special Listing (Niche Fragrances) ""Fragrance Selection by Agreement"" High Quality Perfume",$4.27to$101.48
2,"1x VERSACE Crystal Noir Eau De Toilette mini Spray Perfume, Brand NEW!!",$8.59
2,Lot of 2 Moattar Dhahab by Junaid Perfumes 2x100ml Sprays-Express Shipping Dahab,$124.95
2,WHITE MUSK Gorgeous Perfume Oil by Paradise Perfumes - Fragrance Scent Oil 3ml,$3.78to$13.23
2,1-6X Valentine's Day Sale Box Rose Phero Perfume Oil Roll On Perfume Oil Male,$7.99to$20.99
2,Master Perfumer Collection by Nabeel Perfumes 3x 100ml - Free Express Shipping,$169.95
2,Luxure Woman EAU DE PARFUM 100ML (3.4Oz) RAVE by Lattafa Perfumes - Free US Ship,$30.38
2,Al Noble Safeer - EDP - 100ML (3.4Oz) By Lattafa Perfumes - USA Seller,$24.90
